{
  "6": {
    "x": 1.4245581294531833,
    "y": -0.5176950523001609
  }
}